{"cameraMode":{"drawMode":0,"name":"Shaded","section":"Shading Mode"},"sceneLighting":false,"audioPlay":false,"sceneViewState":{"m_AlwaysRefresh":false,"showFog":true,"showSkybox":true,"showFlares":true,"showImageEffects":true,"showParticleSystems":true,"showVisualEffectGraphs":true,"m_FxEnabled":true},"in2DMode":false,"pivot":{"x":156.89959716796876,"y":-35.29340362548828,"z":235.4383544921875},"rotation":{"x":0.37798282504081728,"y":0.47769486904144289,"z":-0.23880569636821748,"w":0.7562753558158875},"size":161.49868774414063,"orthographic":false}